-- phpMyAdmin SQL Dump
-- version 4.6.5.2
-- https://www.phpmyadmin.net/
--
-- Хост: 127.0.0.1:3306
-- Время создания: Фев 28 2020 г., 08:39
-- Версия сервера: 5.6.34
-- Версия PHP: 5.6.29

SET SQL_MODE = "NO_AUTO_VALUE_ON_ZERO";
SET time_zone = "+00:00";


/*!40101 SET @OLD_CHARACTER_SET_CLIENT=@@CHARACTER_SET_CLIENT */;
/*!40101 SET @OLD_CHARACTER_SET_RESULTS=@@CHARACTER_SET_RESULTS */;
/*!40101 SET @OLD_COLLATION_CONNECTION=@@COLLATION_CONNECTION */;
/*!40101 SET NAMES utf8mb4 */;

--
-- База данных: `market`
--

-- --------------------------------------------------------

--
-- Структура таблицы `category`
--

CREATE TABLE `category` (
  `id` int(11) NOT NULL,
  `category` varchar(255) DEFAULT NULL,
  `description` text,
  `image` varchar(500) DEFAULT NULL
) ENGINE=InnoDB DEFAULT CHARSET=utf8;

--
-- Дамп данных таблицы `category`
--

INSERT INTO `category` (`id`, `category`, `description`, `image`) VALUES
(1, 'Ноутбуки', 'Так же, как и гаджеты ноутбуки стали частью жизни человека. Это ПК переносного форма, в корпусе у него имеется все компоненты компьютера, а также аккумуляторная батарея. Они бывают большими и маленькими, с разным весом. Время их автономной работы колеблется от 2 до 15 часов в зависимости от «внутренностей» аппарата. В англоязычном мире девайс больше известен как лэптоп и постепенно на просторах стран бывшего СССР это название также распространяется.', '114290.120x150.jpg'),
(2, 'Телефоны', 'Разнообразные смартфоны прочно вошли в повседневную жизнь каждого человека. За короткий срок появилось примерно тридцать фирм с широким ассортиментом электронного товара. Это английское понятие в переводе означает – умный телефон. Трудно представить выполнение ежедневных дел без мобильного устройства. С каждым годом выпускаются все более интеллектуальные модели с усовершенствованными и новыми свойствами. Распространенными компаниями являются Samsung, Apple, Lenovo, Xiaomi, Meizu, Sony и т.д.', '75093.120x150.jpg');

-- --------------------------------------------------------

--
-- Структура таблицы `goods`
--

CREATE TABLE `goods` (
  `id` int(10) UNSIGNED NOT NULL,
  `slug` varchar(100) NOT NULL,
  `name` varchar(255) DEFAULT NULL,
  `description` text,
  `cost` double DEFAULT NULL,
  `image` varchar(500) DEFAULT NULL,
  `category` int(5) DEFAULT NULL
) ENGINE=InnoDB DEFAULT CHARSET=utf8;

--
-- Дамп данных таблицы `goods`
--

INSERT INTO `goods` (`id`, `slug`, `name`, `description`, `cost`, `image`, `category`) VALUES
(1, 'asus-vivo', 'Asus VivoBook D540NA-GQ211T', 'Екран 15.6\" (1366x768) WXGA HD, матовий / Intel Pentium N4200 (1.1 - 2.5 ГГц) / RAM 4 ГБ / HDD 500 ГБ / Intel HD Graphics 505 / без ОД / Wi-Fi / Bluetooth / веб-камера / Windows 10 Home 64bit', 7999, 'asus_d540na_gq211t_images_10642535768.jpg', 1),
(2, 'lenovo-330', 'Ноутбук Lenovo IdeaPad 330-15AST', 'Екран 15.6\" TN+film (1366x768) HD, матовий / AMD E2-9000 (1.8 - 2.2 ГГц) / RAM 4 ГБ / HDD 500 ГБ / AMD Radeon R2 Graphics / без ОД / LAN / Wi-Fi / Bluetooth / веб-камера / DOS / 2.2 кг / чорний', 6499, 'lenovo_81d600jyra_images_10442255288.jpg', 1),
(3, 'dell-3573', 'Ноутбук Dell Inspiron 3573', 'Екран 15.6\" (1366x768) WXGA HD, глянсовий з антивідблисковим покриттям / Intel Celeron N4000 (1.1 - 2.6 ГГц) / RAM 4 ГБ / HDD 500 ГБ / Intel UHD Graphics 600 / DVD±RW / Wi-Fi / Bluetooth / веб-камера / Linux / 2.15 кг / чорний', 6299, 'copy_dell_inspiron_3573_alex299901_5bac934976a22_images_7670670744.jpg', 1),
(4, 'apple-mac-book-z0', 'Apple MacBook Pro 15\" Retina Z0V00006S Space Grey (i9 2.9GHz/2TB)', 'Экран 15,4\" IPS (2560x1600) Retina, глянцевый /Intel Core i9(2,9-4,8 ГГц) / RAM 32 ГБ / SSD 2 ТБ /AMD Radeon Pro 560X, 4 ГБ GDDR5/ без ОД / Wi-Fi / Bluetooth / веб-камера / macOS High Sierra / 1.83 кг / серый', 177156, '64306312_images_9249871008.jpg', 1),
(5, 'apple-mac', 'Apple MacBook Pro 15\" Space Gray (MR9426) 2018', 'Экран 15,4\" IPS (2560x1600) Retina, глянцевый /Intel Core i9(2,9-4,8 ГГц) / RAM 32 ГБ / SSD 2 ТБ /AMD Radeon Pro 560X, 4 ГБ GDDR5/ без ОД / Wi-Fi / Bluetooth / веб-камера / macOS High Sierra / 1.83 кг / серый', 150999, '54573204_images_11323625388.jpg', 1),
(6, 'dell-7414', 'Ноутбук Dell Latitude 7414 Rugged Extreme (74i58S2IHD-WBK)', 'Екран 14\" TN (1366x768) WXGA HD, глянсовий, Multi-Touch / Intel Core i5-6300U (2.4 - 3.0 ГГц) / RAM 8 ГБ / SSD 256 ГБ / Intel HD Graphics 520 / без ОД / LAN / Wi-Fi / Bluetooth / 3G / 4G / веб-камера / Windows 10 Pro 64bit / 3.69 кг / чорний', 139994, 'copy_dell_74i716s3r73_wbk_5c7d0f4b9ffad_images_11230556673.jpg', 1),
(7, 'mac-a1534', 'Apple MacBook Pro 15\" Space Gray (Z0UC0000D/MPTW2) 2017', 'Экран 15\" (2880x1800), IPS / глянцевый / Intel Core i7 (3.1 - 4.1 ГГц) / RAM 16 ГБ / SSD 1 ТБ / AMD Radeon Pro 560,4 ГБ / Wi-Fi 802.11 a/b/g/n/ac / Bluetooth 4.2 / Веб-камера HD-камера FaceTime 720p 1.3 Мп / MacOS Sierra / 349.3х240.7х15.5 мм, 1.83 кг / серый', 87999, '42607960_images_4743479056.jpg', 1),
(8, 'mac-a1534', 'Apple MacBook A1534 Rose Gold (MNYM2UA/A)', '', 55523, '75069108_images_11285451942.jpg', 1),
(9, 'lenovo-x380', 'Ноутбук Lenovo ThinkPad X380 Yoga (20LH001HRT) Black', 'Екран 13.3\" IPS (1920x1080) Full HD, Multi-touch, глянсовий / Intel Core i5-8250U (1.6 - 3.4 ГГц) / RAM 8 ГБ / SSD 512 ГБ / Intel UHD Graphics 620 / без ОД / Mini LAN (RJ-45) / Wi-Fi / Bluetooth / веб-камера / Windows 10 Pro 64bit / 1.43 кг / чорний / стилус\nДокладніше: https://rozetka.com.ua/ua/lenovo_20lh001hrt/p47259120/', 53611, 'lenovo_20lh001hrt_images_10809693627.jpg', 1),
(10, 'galaxy-m20', 'Samsung Galaxy M20 4/64GB Ocean Blue (SM-M205FZBWSEK)', 'Экран (6.3\", PLS, 2340х1080)/ Samsung Exynos 7904 (2 x 1.8 ГГц + 6 x 1.6 ГГц)/ двойная основная камера: 13 Мп + 5 Мп, фронтальная 8 Мп/ RAM 4 ГБ/ 64 ГБ встроенной памяти + microSD (до 512 ГБ)/ 3G/ LTE/ GPS/ ГЛОНАСС/ BDS/ поддержка 2х SIM-карт (Nano-SIM)/ Android 8.1 (SE 9.5) / 5000 мА*ч', 6199, 'samsung_galaxy_m20_4_64gb_ocean_blue_images_10883949159.jpg', 2),
(11, 'galaxy-s10', 'Samsung Galaxy S10 8/128 GB Black (SM-G973FZKDSEK)', 'Экран (6.1\", Dynamic AMOLED, 3040x1440)/ Samsung Exynos 9820 (2 x 2.7 ГГц + 2 x 2.3 ГГц + 4 x 1.9 ГГц)/ тройная основная камера: 12 Мп + 12 Мп + 16 Мп / фронтальная 10 Мп/ RAM 8 ГБ/ 128 ГБ встроенной памяти + microSD (до 512 ГБ)/ 3G/ LTE/ GPS/ A-GPS / ГЛОНАСС/ BDS/ поддержка 2х SIM-карт (Nano-SIM)/ Android 9.0 (Pie) / 3400 мА*ч/', 29999, 'samsung_galaxy_s10_6_128_gb_black_sm_g973fzkdsek_images_11052552609.jpg', 2),
(12, 'huawei-p', 'Huawei P smart+ Black', 'Экран (6.3\", IPS, 2340x1080)/ HiSilicon Kirin 710 (2.2 ГГц + 1.7 ГГц)/ двойная основная камера: 16 Мп + 2 Мп, двойная фронтальная камера: 24 Мп + 2 Мп/ RAM 4 ГБ/ 64 ГБ встроенной памяти + microSD (до 256 ГБ)/ 3G/ LTE/ A-GPS/ ГЛОНАСС/ BDS/ поддержка 2х SIM-карт (Nano-SIM)/ Android 8.1 (Oreo)/ 3340 мА*ч', 6999, 'huawei_p_smart_plus_black_images_7926542781.jpg', 2),
(13, 'xaomi-redmy-5', 'Xiaomi Redmi Note 5 3/32GB Rose Gold (Global Rom + OTA)', 'Экран (5.99\", IPS, 2160x1080)/ Qualcomm Snapdragon 636 (1.8 ГГц)/ основная камера: 12 Мп + 5 Мп, фронтальная камера: 13 Мп/ RAM 3 ГБ/ 32 ГБ встроенной памяти + microSD (до 128 ГБ)/ 3G/ LTE/ GPS/ GLONASS/ поддержка 2х SIM-карт (Nano-SIM)/ Android 8.1 (Oreo)/ 4000 мА*ч', 4399, 'xiaomi_redmi_note5_332gb_rose_gold_images_5031920016.jpg', 2),
(14, 'sony-xperia', 'Sony Xperia XA2 Black', 'Экран (5.2\", IPS, 1920x1080)/ Qualcomm Snapdragon 630/ основная камера: 23 Мп, фронтальная камера: 8 Мп/ RAM 3 ГБ/ 32 ГБ встроенной памяти + microSD/SDHC (до 256 ГБ)/ 3G/ LTE/ GPS/ A-GPS/ГЛОНАСС/ поддержка 2х SIM-карт (Nano-SIM)/ Android 8.0 (Oreo)/ 3300 мА*ч', 4777, 'sony_xa2_black_images_3386205631.jpg', 2),
(15, 'samsung-galaxy-m20', 'Samsung Galaxy M20 4/64GB Dark Grey (SM-M205FDAWSEK)', 'Экран (6.3\", PLS, 2340х1080)/ Samsung Exynos 7904 (2 x 1.8 ГГц + 6 x 1.6 ГГц)/ двойная основная камера: 13 Мп + 5 Мп, фронтальная 8 Мп/ RAM 4 ГБ/ 64 ГБ встроенной памяти + microSD (до 512 ГБ)/ 3G/ LTE/ GPS/ ГЛОНАСС/ BDS/ поддержка 2х SIM-карт (Nano-SIM)/ Android 8.1 (SE 9.5) / 5000 мА*ч\nПодробнее: https://rozetka.com.ua/mobile-phones/c80003/', 6199, 'samsung_galaxy_m20_4_64gb_darck_grey_images_10883883675.jpg', 2);

-- --------------------------------------------------------

--
-- Структура таблицы `images`
--

CREATE TABLE `images` (
  `id` int(5) NOT NULL,
  `goods_id` int(5) NOT NULL,
  `path` varchar(500) NOT NULL,
  `description` text NOT NULL
) ENGINE=InnoDB DEFAULT CHARSET=utf8;

--
-- Дамп данных таблицы `images`
--

INSERT INTO `images` (`id`, `goods_id`, `path`, `description`) VALUES
(1, 1, 'lenovo_81d600jyra_images_10442255288.jpg', ''),
(2, 1, 'copy_dell_inspiron_3573_alex299901_5bac934976a22_images_7670670744.jpg', '');

-- --------------------------------------------------------

--
-- Структура таблицы `shop_order`
--

CREATE TABLE `shop_order` (
  `id` int(11) NOT NULL,
  `user_id` int(11) NOT NULL,
  `goods_id` int(11) NOT NULL,
  `goods_cost` double NOT NULL,
  `goods_amount` int(11) NOT NULL,
  `total` double NOT NULL,
  `date` int(11) NOT NULL
) ENGINE=InnoDB DEFAULT CHARSET=utf8;

--
-- Дамп данных таблицы `shop_order`
--

INSERT INTO `shop_order` (`id`, `user_id`, `goods_id`, `goods_cost`, `goods_amount`, `total`, `date`) VALUES
(6, 4, 2, 6499, 1, 6499, 1580408689),
(7, 5, 1, 7999, 1, 7999, 1580408978),
(8, 6, 2, 6499, 4, 25996, 1580542513),
(9, 7, 2, 6499, 1, 6499, 1582867589),
(10, 7, 12, 6999, 2, 13998, 1582867589);

-- --------------------------------------------------------

--
-- Структура таблицы `user`
--

CREATE TABLE `user` (
  `id` int(5) NOT NULL,
  `login` varchar(100) NOT NULL,
  `password` varchar(100) NOT NULL,
  `hash` varchar(100) NOT NULL
) ENGINE=InnoDB DEFAULT CHARSET=utf8;

--
-- Дамп данных таблицы `user`
--

INSERT INTO `user` (`id`, `login`, `password`, `hash`) VALUES
(1, 'admin', '123', '2vkyN6A7M4QISBToRdG9M9dRMyUYxI2F');

-- --------------------------------------------------------

--
-- Структура таблицы `user_info`
--

CREATE TABLE `user_info` (
  `id` int(11) NOT NULL,
  `user_name` varchar(100) NOT NULL,
  `user_phone` varchar(100) NOT NULL,
  `user_email` varchar(100) NOT NULL,
  `address` varchar(1000) NOT NULL
) ENGINE=InnoDB DEFAULT CHARSET=utf8;

--
-- Индексы сохранённых таблиц
--

--
-- Индексы таблицы `category`
--
ALTER TABLE `category`
  ADD PRIMARY KEY (`id`);

--
-- Индексы таблицы `goods`
--
ALTER TABLE `goods`
  ADD PRIMARY KEY (`id`);

--
-- Индексы таблицы `images`
--
ALTER TABLE `images`
  ADD PRIMARY KEY (`id`);

--
-- Индексы таблицы `shop_order`
--
ALTER TABLE `shop_order`
  ADD PRIMARY KEY (`id`);

--
-- Индексы таблицы `user`
--
ALTER TABLE `user`
  ADD PRIMARY KEY (`id`);

--
-- Индексы таблицы `user_info`
--
ALTER TABLE `user_info`
  ADD PRIMARY KEY (`id`);

--
-- AUTO_INCREMENT для сохранённых таблиц
--

--
-- AUTO_INCREMENT для таблицы `category`
--
ALTER TABLE `category`
  MODIFY `id` int(11) NOT NULL AUTO_INCREMENT, AUTO_INCREMENT=3;
--
-- AUTO_INCREMENT для таблицы `goods`
--
ALTER TABLE `goods`
  MODIFY `id` int(10) UNSIGNED NOT NULL AUTO_INCREMENT, AUTO_INCREMENT=16;
--
-- AUTO_INCREMENT для таблицы `images`
--
ALTER TABLE `images`
  MODIFY `id` int(5) NOT NULL AUTO_INCREMENT, AUTO_INCREMENT=3;
--
-- AUTO_INCREMENT для таблицы `shop_order`
--
ALTER TABLE `shop_order`
  MODIFY `id` int(11) NOT NULL AUTO_INCREMENT, AUTO_INCREMENT=11;
--
-- AUTO_INCREMENT для таблицы `user`
--
ALTER TABLE `user`
  MODIFY `id` int(5) NOT NULL AUTO_INCREMENT, AUTO_INCREMENT=2;
--
-- AUTO_INCREMENT для таблицы `user_info`
--
ALTER TABLE `user_info`
  MODIFY `id` int(11) NOT NULL AUTO_INCREMENT, AUTO_INCREMENT=8;
/*!40101 SET CHARACTER_SET_CLIENT=@OLD_CHARACTER_SET_CLIENT */;
/*!40101 SET CHARACTER_SET_RESULTS=@OLD_CHARACTER_SET_RESULTS */;
/*!40101 SET COLLATION_CONNECTION=@OLD_COLLATION_CONNECTION */;
